seed_id,external_product_id,market,brand,title,shade_names,swatch_image_url,shade_hex,visual_evidence_kind,visuals_by_shade,target_shade_count,patched_shade_count,source_report_rows,action,canonical_url,destination_url
eps_ee218ca5735448e7a71d4eaa,ext_009fd76abf5eb08b488f5a23,US,fenty beauty,Eaze Drop Blur + Smooth Tint Stick — 17,17,https://cdn.shopify.com/s/files/1/0341/3458/9485/files/FB_FALL23_T2PRODUCT_SMEAR_EAZEDROP_STICK_SHADE_17_1200X1500_72DPI.png?v=1690915407,,source_backed_texture_swatch,"[{""shade_key"":""17"",""shade_name"":""17"",""swatch_image_url"":""https://cdn.shopify.com/s/files/1/0341/3458/9485/files/FB_FALL23_T2PRODUCT_SMEAR_EAZEDROP_STICK_SHADE_17_1200X1500_72DPI.png?v=1690915407"",""shade_hex"":""""}]",1,1,23,dry_run,https://fentybeauty.com/products/eaze-drop-skin-tint-foundation-stick-17,https://fentybeauty.com/products/eaze-drop-skin-tint-foundation-stick-17
eps_a15f1cf262c44bd990b82dda,ext_0a943ccb4ff5143885520673,US,fenty beauty,Fenty Icon Velvet Liquid Lipstick — H.B.I.C.,h b i c|H.B.I.C.,https://cdn.shopify.com/s/files/1/0341/3458/9485/products/FB23_SPRING_T2_SMEAR_ICON_LIQUID-EXT_HBIC_0126_1.png?v=1768520901,,source_backed_texture_swatch,"[{""shade_key"":""h b i c"",""shade_name"":""h b i c"",""swatch_image_url"":""https://cdn.shopify.com/s/files/1/0341/3458/9485/products/FB23_SPRING_T2_SMEAR_ICON_LIQUID-EXT_HBIC_0126_1.png?v=1768520901"",""shade_hex"":""""}]",1,1,6,dry_run,https://fentybeauty.com/products/fenty-icon-velvet-liquid-lipstick-hbic,https://fentybeauty.com/products/fenty-icon-velvet-liquid-lipstick-hbic
eps_125ce659e16f4f86b561f8a4,ext_0ae77dc18890e0f10411d440,US,fenty beauty,Eaze Drop Blur + Smooth Tint Stick — 8,8,https://cdn.shopify.com/s/files/1/0341/3458/9485/files/FB_FALL23_T2PRODUCT_SMEAR_EAZEDROP_STICK_SHADE_08_1200X1500_72DPI.png?v=1690914701,,source_backed_texture_swatch,"[{""shade_key"":""8"",""shade_name"":""8"",""swatch_image_url"":""https://cdn.shopify.com/s/files/1/0341/3458/9485/files/FB_FALL23_T2PRODUCT_SMEAR_EAZEDROP_STICK_SHADE_08_1200X1500_72DPI.png?v=1690914701"",""shade_hex"":""""}]",1,1,23,dry_run,https://fentybeauty.com/products/eaze-drop-skin-tint-foundation-stick-8,https://fentybeauty.com/products/eaze-drop-skin-tint-foundation-stick-8
eps_267ca84615d847c3a5639334,ext_0ec8adfb201f17edabae28f3,US,Fenty Beauty,Fenty Icon Velvet Liquid Lipstick — Wicked Whine,wicked whine|Wicked Whine,https://cdn.shopify.com/s/files/1/0341/3458/9485/files/FB23_FALL_T2_SMEAR_ICON_LIQUID-EXT_WICKEDWHINE_1200X1500_72DPI.png?v=1768520901,,source_backed_texture_swatch,"[{""shade_key"":""wicked whine"",""shade_name"":""wicked whine"",""swatch_image_url"":""https://cdn.shopify.com/s/files/1/0341/3458/9485/files/FB23_FALL_T2_SMEAR_ICON_LIQUID-EXT_WICKEDWHINE_1200X1500_72DPI.png?v=1768520901"",""shade_hex"":""""}]",1,1,6,dry_run,https://fentybeauty.com/products/fenty-icon-velvet-liquid-lipstick-wicked-whine,https://fentybeauty.com/products/fenty-icon-velvet-liquid-lipstick-wicked-whine
eps_3163858ada6e4b7b80dba3e6,ext_1d390e3a12c0b62c39b7c247,US,fenty beauty,Eaze Drop Blur + Smooth Tint Stick — 12,12,https://cdn.shopify.com/s/files/1/0341/3458/9485/files/FB_FALL23_T2PRODUCT_SMEAR_EAZEDROP_STICK_SHADE_12_1200X1500_72DPI.png?v=1690915250,,source_backed_texture_swatch,"[{""shade_key"":""12"",""shade_name"":""12"",""swatch_image_url"":""https://cdn.shopify.com/s/files/1/0341/3458/9485/files/FB_FALL23_T2PRODUCT_SMEAR_EAZEDROP_STICK_SHADE_12_1200X1500_72DPI.png?v=1690915250"",""shade_hex"":""""}]",1,1,24,dry_run,https://fentybeauty.com/products/eaze-drop-skin-tint-foundation-stick-12,https://fentybeauty.com/products/eaze-drop-skin-tint-foundation-stick-12
eps_4d2e39c83a3e42aab8bca95b,ext_2258d2970a2b3efc82c84d4f,US,fenty beauty,Eaze Drop Blur + Smooth Tint Stick — 5,5,https://cdn.shopify.com/s/files/1/0341/3458/9485/files/FB_FALL23_T2PRODUCT_SMEAR_EAZEDROP_STICK_SHADE_05_1200X1500_72DPI.png?v=1690914537,,source_backed_texture_swatch,"[{""shade_key"":""5"",""shade_name"":""5"",""swatch_image_url"":""https://cdn.shopify.com/s/files/1/0341/3458/9485/files/FB_FALL23_T2PRODUCT_SMEAR_EAZEDROP_STICK_SHADE_05_1200X1500_72DPI.png?v=1690914537"",""shade_hex"":""""}]",1,1,24,dry_run,https://fentybeauty.com/products/eaze-drop-skin-tint-foundation-stick-5,https://fentybeauty.com/products/eaze-drop-skin-tint-foundation-stick-5
eps_da1116d7cfec40769b417e28,ext_2a401d561f6aee873f08f2a9,US,fenty beauty,Eaze Drop Blur + Smooth Tint Stick — 13,13,https://cdn.shopify.com/s/files/1/0341/3458/9485/files/FB_FALL23_T2PRODUCT_SMEAR_EAZEDROP_STICK_SHADE_13_1200X1500_72DPI.png?v=1690915269,,source_backed_texture_swatch,"[{""shade_key"":""13"",""shade_name"":""13"",""swatch_image_url"":""https://cdn.shopify.com/s/files/1/0341/3458/9485/files/FB_FALL23_T2PRODUCT_SMEAR_EAZEDROP_STICK_SHADE_13_1200X1500_72DPI.png?v=1690915269"",""shade_hex"":""""}]",1,1,24,dry_run,https://fentybeauty.com/products/eaze-drop-skin-tint-foundation-stick-13,https://fentybeauty.com/products/eaze-drop-skin-tint-foundation-stick-13
eps_ef48e715c2484c04bf0ec230,ext_30907a9fbba53bccfdb23001,US,fenty beauty,Eaze Drop Blur + Smooth Tint Stick — 23,23,https://cdn.shopify.com/s/files/1/0341/3458/9485/files/FB_FALL23_T2PRODUCT_SMEAR_EAZEDROP_STICK_SHADE_23_1200X1500_72DPI.png?v=1690915705,,source_backed_texture_swatch,"[{""shade_key"":""23"",""shade_name"":""23"",""swatch_image_url"":""https://cdn.shopify.com/s/files/1/0341/3458/9485/files/FB_FALL23_T2PRODUCT_SMEAR_EAZEDROP_STICK_SHADE_23_1200X1500_72DPI.png?v=1690915705"",""shade_hex"":""""}]",1,1,24,dry_run,https://fentybeauty.com/products/eaze-drop-skin-tint-foundation-stick-23,https://fentybeauty.com/products/eaze-drop-skin-tint-foundation-stick-23
eps_20361fa2bbbc47099c4497bc,ext_32e822f77e307b80537c9687,US,fenty beauty,Eaze Drop Blur + Smooth Tint Stick — 14,14,https://cdn.shopify.com/s/files/1/0341/3458/9485/files/FB_FALL23_T2PRODUCT_SMEAR_EAZEDROP_STICK_SHADE_14_1200X1500_72DPI.png?v=1690915294,,source_backed_texture_swatch,"[{""shade_key"":""14"",""shade_name"":""14"",""swatch_image_url"":""https://cdn.shopify.com/s/files/1/0341/3458/9485/files/FB_FALL23_T2PRODUCT_SMEAR_EAZEDROP_STICK_SHADE_14_1200X1500_72DPI.png?v=1690915294"",""shade_hex"":""""}]",1,1,24,dry_run,https://fentybeauty.com/products/eaze-drop-skin-tint-foundation-stick-14,https://fentybeauty.com/products/eaze-drop-skin-tint-foundation-stick-14
eps_241bc59cbd7649278684ea46,ext_3748870fd3c4105a5c1d89d5,US,Fenty Beauty,Fenty Icon Velvet Liquid Lipstick — Fashion Fiend,fashion fiend|Fashion Fiend,https://cdn.shopify.com/s/files/1/0341/3458/9485/files/FB23_SPRING_T2_SMEAR_ICON_LIQUID-EXT_FASHIONFIEND_1200X1500_72DPI.png?v=1748383204,,source_backed_texture_swatch,"[{""shade_key"":""fashion fiend"",""shade_name"":""fashion fiend"",""swatch_image_url"":""https://cdn.shopify.com/s/files/1/0341/3458/9485/files/FB23_SPRING_T2_SMEAR_ICON_LIQUID-EXT_FASHIONFIEND_1200X1500_72DPI.png?v=1748383204"",""shade_hex"":""""}]",1,1,6,dry_run,https://fentybeauty.com/products/fenty-icon-velvet-liquid-lipstick-fashion-fiend,https://fentybeauty.com/products/fenty-icon-velvet-liquid-lipstick-fashion-fiend
eps_98a324bf33ef4300833a09b7,ext_37af3b783878d75ca95bdab9,US,Fenty Beauty,Body Lava Body Luminizer — Penny Drop,penny drop|Penny Drop,https://cdn.shopify.com/s/files/1/0341/3458/9485/files/FB_SUM25_T2PRODUCT_SMEAR_BODYLAVA_PENNYDROP_1200X1500_72DPI.jpg?v=1745605096,,source_backed_texture_swatch,"[{""shade_key"":""penny drop"",""shade_name"":""penny drop"",""swatch_image_url"":""https://cdn.shopify.com/s/files/1/0341/3458/9485/files/FB_SUM25_T2PRODUCT_SMEAR_BODYLAVA_PENNYDROP_1200X1500_72DPI.jpg?v=1745605096"",""shade_hex"":""""}]",1,1,6,dry_run,https://fentybeauty.com/products/body-lava-body-luminizer-penny-drop,https://fentybeauty.com/products/body-lava-body-luminizer-penny-drop
eps_da09dcc2f198479eb0506f0c,ext_3f4eb4ea1ca49d911e42ccd0,US,fenty beauty,Eaze Drop Blur + Smooth Tint Stick — 22,22,https://cdn.shopify.com/s/files/1/0341/3458/9485/files/FB_FALL23_T2PRODUCT_SMEAR_EAZEDROP_STICK_SHADE_22_1200X1500_72DPI.png?v=1724960197,,source_backed_texture_swatch,"[{""shade_key"":""22"",""shade_name"":""22"",""swatch_image_url"":""https://cdn.shopify.com/s/files/1/0341/3458/9485/files/FB_FALL23_T2PRODUCT_SMEAR_EAZEDROP_STICK_SHADE_22_1200X1500_72DPI.png?v=1724960197"",""shade_hex"":""""}]",1,1,24,dry_run,https://fentybeauty.com/products/eaze-drop-skin-tint-foundation-stick-22,https://fentybeauty.com/products/eaze-drop-skin-tint-foundation-stick-22
eps_7f7be1502fcd4734ab398f19,ext_42dd4fa044c1effd648cc402,US,fenty beauty,Eaze Drop Blur + Smooth Tint Stick — 3,3,https://cdn.shopify.com/s/files/1/0341/3458/9485/files/FB_FALL23_T2PRODUCT_SMEAR_EAZEDROP_STICK_SHADE_03_1200X1500_72DPI.png?v=1690914501,,source_backed_texture_swatch,"[{""shade_key"":""3"",""shade_name"":""3"",""swatch_image_url"":""https://cdn.shopify.com/s/files/1/0341/3458/9485/files/FB_FALL23_T2PRODUCT_SMEAR_EAZEDROP_STICK_SHADE_03_1200X1500_72DPI.png?v=1690914501"",""shade_hex"":""""}]",1,1,24,dry_run,https://fentybeauty.com/products/eaze-drop-skin-tint-foundation-stick-3,https://fentybeauty.com/products/eaze-drop-skin-tint-foundation-stick-3
eps_17d39d45046f4554984ca949,ext_4abc34eb698f9eb432d53992,US,fenty beauty,Eaze Drop Blur + Smooth Tint Stick — 4,4,https://cdn.shopify.com/s/files/1/0341/3458/9485/files/FB_FALL23_T2PRODUCT_SMEAR_EAZEDROP_STICK_SHADE_04_1200X1500_72DPI.png?v=1690914518,,source_backed_texture_swatch,"[{""shade_key"":""4"",""shade_name"":""4"",""swatch_image_url"":""https://cdn.shopify.com/s/files/1/0341/3458/9485/files/FB_FALL23_T2PRODUCT_SMEAR_EAZEDROP_STICK_SHADE_04_1200X1500_72DPI.png?v=1690914518"",""shade_hex"":""""}]",1,1,24,dry_run,https://fentybeauty.com/products/eaze-drop-skin-tint-foundation-stick-4,https://fentybeauty.com/products/eaze-drop-skin-tint-foundation-stick-4
eps_ccfd62712b914a5d9527b9da,ext_4ce4c7a6f50c57eafd4771a5,US,fenty beauty,Eaze Drop Blur + Smooth Tint Stick — 1,1,https://cdn.shopify.com/s/files/1/0341/3458/9485/files/FB_FALL23_T2PRODUCT_SMEAR_EAZEDROP_STICK_SHADE_01_1200X1500_72DPI.png?v=1690914315,,source_backed_texture_swatch,"[{""shade_key"":""1"",""shade_name"":""1"",""swatch_image_url"":""https://cdn.shopify.com/s/files/1/0341/3458/9485/files/FB_FALL23_T2PRODUCT_SMEAR_EAZEDROP_STICK_SHADE_01_1200X1500_72DPI.png?v=1690914315"",""shade_hex"":""""}]",1,1,24,dry_run,https://fentybeauty.com/products/eaze-drop-skin-tint-foundation-stick-1,https://fentybeauty.com/products/eaze-drop-skin-tint-foundation-stick-1
eps_a2613cfcbf6d426c824740a8,ext_4e72860a1d68aa0b129cf6bd,US,fenty beauty,Eaze Drop Blur + Smooth Tint Stick — 6,6,https://cdn.shopify.com/s/files/1/0341/3458/9485/files/FB_FALL23_T2PRODUCT_SMEAR_EAZEDROP_STICK_SHADE_06_1200X1500_72DPI.png?v=1690914599,,source_backed_texture_swatch,"[{""shade_key"":""6"",""shade_name"":""6"",""swatch_image_url"":""https://cdn.shopify.com/s/files/1/0341/3458/9485/files/FB_FALL23_T2PRODUCT_SMEAR_EAZEDROP_STICK_SHADE_06_1200X1500_72DPI.png?v=1690914599"",""shade_hex"":""""}]",1,1,24,dry_run,https://fentybeauty.com/products/eaze-drop-skin-tint-foundation-stick-6,https://fentybeauty.com/products/eaze-drop-skin-tint-foundation-stick-6
eps_0fbd89e32f4d4cf8afa3af02,ext_514434afcf9c770bdebb663a,US,fenty beauty,Fenty Icon Velvet Liquid Lipstick — C-Suite'Heart,c suiteheart,https://cdn.shopify.com/s/files/1/0341/3458/9485/products/FB23_SPRING_T2_SMEAR_ICON_LIQUID-EXT_CSUITEHEART_0147_1.png?v=1768520901,,source_backed_texture_swatch,"[{""shade_key"":""c suiteheart"",""shade_name"":""c suiteheart"",""swatch_image_url"":""https://cdn.shopify.com/s/files/1/0341/3458/9485/products/FB23_SPRING_T2_SMEAR_ICON_LIQUID-EXT_CSUITEHEART_0147_1.png?v=1768520901"",""shade_hex"":""""}]",1,1,5,dry_run,https://fentybeauty.com/products/fenty-icon-velvet-liquid-lipstick-c-suiteheart,https://fentybeauty.com/products/fenty-icon-velvet-liquid-lipstick-c-suiteheart
eps_fff5bc972d8b4c28a2e60ca3,ext_6c540ac96c2c1ab33f1af31d,US,Olehenriksen,Banana Bright+ Vitamin CC Stick,Banana|Apricot|Pumpkin|Guava,,,source_backed_visuals_by_shade,"[{""shade_key"":""banana"",""shade_name"":""Banana"",""swatch_image_url"":""https://cdn.shopify.com/s/files/1/0615/7785/5148/products/OH_CC_STICKS_Smear_Banana_1500x1500_72DPI.jpg?v=1773682673"",""shade_hex"":""""},{""shade_key"":""apricot"",""shade_name"":""Apricot"",""swatch_image_url"":""https://cdn.shopify.com/s/files/1/0615/7785/5148/products/OH_CC_STICKS_Smear_Apricot_1500x1500_72DPI.jpg?v=1747068092"",""shade_hex"":""""},{""shade_key"":""pumpkin"",""shade_name"":""Pumpkin"",""swatch_image_url"":""https://cdn.shopify.com/s/files/1/0615/7785/5148/products/OH_CC_STICKS_Smear_Pumpkin_1500x1500_72DPI.jpg?v=1747068147"",""shade_hex"":""""},{""shade_key"":""guava"",""shade_name"":""Guava"",""swatch_image_url"":""https://cdn.shopify.com/s/files/1/0615/7785/5148/files/OH_CC_STICKS_Smear_Guava_1500x1500_72DPI_d564f41d-6adb-4e3c-ad0d-49dcedc12531.jpg?v=1773682673"",""shade_hex"":""""}]",4,4,4,dry_run,https://olehenriksen.com/products/banana-bright-vitamin-cc-stick,https://olehenriksen.com/products/banana-bright-vitamin-cc-stick
eps_04c27a2530864f9bad5988ce,ext_6db8e2973e36024eed55ba2b,US,Fenty Beauty,Fenty Icon Velvet Liquid Lipstick — Smurf'Melon,smurfmelon,https://cdn.shopify.com/s/files/1/0341/3458/9485/files/FS_SPR24_T2PRODUCT_SMEAR_LE_SMURFSCOLLECTION_ICONVELVET_SMURFMELON_1200X1500_72DPI_1.jpg?v=1750272253,,source_backed_texture_swatch,"[{""shade_key"":""smurfmelon"",""shade_name"":""smurfmelon"",""swatch_image_url"":""https://cdn.shopify.com/s/files/1/0341/3458/9485/files/FS_SPR24_T2PRODUCT_SMEAR_LE_SMURFSCOLLECTION_ICONVELVET_SMURFMELON_1200X1500_72DPI_1.jpg?v=1750272253"",""shade_hex"":""""}]",1,1,5,dry_run,https://fentybeauty.com/products/fenty-icon-velvet-liquid-lipstick-smurfmelon,https://fentybeauty.com/products/fenty-icon-velvet-liquid-lipstick-smurfmelon
eps_eec67b3d3abd4c55bea3a98d,ext_7118d326fa0064b56ad4635e,US,fenty beauty,Eaze Drop Blur + Smooth Tint Stick — 20,20,https://cdn.shopify.com/s/files/1/0341/3458/9485/files/FB_FALL23_T2PRODUCT_SMEAR_EAZEDROP_STICK_SHADE_20_1200X1500_72DPI.png?v=1721663772,,source_backed_texture_swatch,"[{""shade_key"":""20"",""shade_name"":""20"",""swatch_image_url"":""https://cdn.shopify.com/s/files/1/0341/3458/9485/files/FB_FALL23_T2PRODUCT_SMEAR_EAZEDROP_STICK_SHADE_20_1200X1500_72DPI.png?v=1721663772"",""shade_hex"":""""}]",1,1,24,dry_run,https://fentybeauty.com/products/eaze-drop-skin-tint-foundation-stick-20,https://fentybeauty.com/products/eaze-drop-skin-tint-foundation-stick-20
eps_4ac21db151d4461ea2393b77,ext_74137bc1063e971570a2b47e,US,fenty beauty,Eaze Drop Blur + Smooth Tint Stick — 7,7,https://cdn.shopify.com/s/files/1/0341/3458/9485/files/FB_FALL23_T2PRODUCT_SMEAR_EAZEDROP_STICK_SHADE_07_1200X1500_72DPI.png?v=1690914619,,source_backed_texture_swatch,"[{""shade_key"":""7"",""shade_name"":""7"",""swatch_image_url"":""https://cdn.shopify.com/s/files/1/0341/3458/9485/files/FB_FALL23_T2PRODUCT_SMEAR_EAZEDROP_STICK_SHADE_07_1200X1500_72DPI.png?v=1690914619"",""shade_hex"":""""}]",1,1,24,dry_run,https://fentybeauty.com/products/eaze-drop-skin-tint-foundation-stick-7,https://fentybeauty.com/products/eaze-drop-skin-tint-foundation-stick-7
eps_6e7f884ec450418ca890fbf0,ext_744a8e16b8ffafb313e28a69,US,Fenty Beauty,Body Lava Body Luminizer — Hold My Trophy,hold my trophy|Hold My Trophy,https://cdn.shopify.com/s/files/1/0341/3458/9485/files/FB_SUM25_T2PRODUCT_SMEAR_BODYLAVA_HOLDMYTROPHY_1200X1500_72DPI.jpg?v=1745605326,,source_backed_texture_swatch,"[{""shade_key"":""hold my trophy"",""shade_name"":""hold my trophy"",""swatch_image_url"":""https://cdn.shopify.com/s/files/1/0341/3458/9485/files/FB_SUM25_T2PRODUCT_SMEAR_BODYLAVA_HOLDMYTROPHY_1200X1500_72DPI.jpg?v=1745605326"",""shade_hex"":""""}]",1,1,6,dry_run,https://fentybeauty.com/products/body-lava-body-luminizer-hold-my-trophy,https://fentybeauty.com/products/body-lava-body-luminizer-hold-my-trophy
eps_f72f63a0a9b14130946126c3,ext_76c9e760c4f4806adb6a211b,US,fenty beauty,Eaze Drop Blur + Smooth Tint Stick — 24,24,https://cdn.shopify.com/s/files/1/0341/3458/9485/files/FB_FALL23_T2PRODUCT_SMEAR_EAZEDROP_STICK_SHADE_24_1200X1500_72DPI.png?v=1690915725,,source_backed_texture_swatch,"[{""shade_key"":""24"",""shade_name"":""24"",""swatch_image_url"":""https://cdn.shopify.com/s/files/1/0341/3458/9485/files/FB_FALL23_T2PRODUCT_SMEAR_EAZEDROP_STICK_SHADE_24_1200X1500_72DPI.png?v=1690915725"",""shade_hex"":""""}]",1,1,24,dry_run,https://fentybeauty.com/products/eaze-drop-skin-tint-foundation-stick-24,https://fentybeauty.com/products/eaze-drop-skin-tint-foundation-stick-24
eps_ebb2a4683e56475bba1908f0,ext_7e7d714d064be484fa23e5d5,US,fenty beauty,Fenty Icon Velvet Liquid Lipstick — RiRi,riri,https://cdn.shopify.com/s/files/1/0341/3458/9485/products/FB23_SPRING_T2_SMEAR_ICON_LIQUID-EXT_RIRI_0122_2_1.png?v=1734650907,,source_backed_texture_swatch,"[{""shade_key"":""riri"",""shade_name"":""riri"",""swatch_image_url"":""https://cdn.shopify.com/s/files/1/0341/3458/9485/products/FB23_SPRING_T2_SMEAR_ICON_LIQUID-EXT_RIRI_0122_2_1.png?v=1734650907"",""shade_hex"":""""}]",1,1,5,dry_run,https://fentybeauty.com/products/fenty-icon-velvet-liquid-lipstick-riri,https://fentybeauty.com/products/fenty-icon-velvet-liquid-lipstick-riri
eps_20632d47bc5f4795ab1366a8,ext_b76bf159927e96656cba5771,US,fenty beauty,Eaze Drop Blur + Smooth Tint Stick — 19,19,https://cdn.shopify.com/s/files/1/0341/3458/9485/files/FB_FALL23_T2PRODUCT_SMEAR_EAZEDROP_STICK_SHADE_19_1200X1500_72DPI.png?v=1715376752,,source_backed_texture_swatch,"[{""shade_key"":""19"",""shade_name"":""19"",""swatch_image_url"":""https://cdn.shopify.com/s/files/1/0341/3458/9485/files/FB_FALL23_T2PRODUCT_SMEAR_EAZEDROP_STICK_SHADE_19_1200X1500_72DPI.png?v=1715376752"",""shade_hex"":""""}]",1,1,24,dry_run,https://fentybeauty.com/products/eaze-drop-skin-tint-foundation-stick-19,https://fentybeauty.com/products/eaze-drop-skin-tint-foundation-stick-19
eps_cbd604063a8b4effadca43cf,ext_c3b9d8cfa696c27ec85076fb,US,Fenty Beauty,Fenty Icon Velvet Liquid Lipstick — Pow'r Thirsty,powr thirsty,https://cdn.shopify.com/s/files/1/0341/3458/9485/files/FB23_SPRING_T2_SMEAR_ICON_LIQUID-EXT_POWRTHIRSTY_1200X1500_72DPI.png?v=1768520900,,source_backed_texture_swatch,"[{""shade_key"":""powr thirsty"",""shade_name"":""powr thirsty"",""swatch_image_url"":""https://cdn.shopify.com/s/files/1/0341/3458/9485/files/FB23_SPRING_T2_SMEAR_ICON_LIQUID-EXT_POWRTHIRSTY_1200X1500_72DPI.png?v=1768520900"",""shade_hex"":""""}]",1,1,5,dry_run,https://fentybeauty.com/products/fenty-icon-velvet-liquid-lipstick-powr-thirsty,https://fentybeauty.com/products/fenty-icon-velvet-liquid-lipstick-powr-thirsty
eps_9b6a78a31ac34d5bbbe881ec,ext_c501dae9f36d47c3b3bc3ffb,US,fenty beauty,Eaze Drop Blur + Smooth Tint Stick — 11,11,https://cdn.shopify.com/s/files/1/0341/3458/9485/files/FB_FALL23_T2PRODUCT_SMEAR_EAZEDROP_STICK_SHADE_11_1200X1500_72DPI.png?v=1721256229,,source_backed_texture_swatch,"[{""shade_key"":""11"",""shade_name"":""11"",""swatch_image_url"":""https://cdn.shopify.com/s/files/1/0341/3458/9485/files/FB_FALL23_T2PRODUCT_SMEAR_EAZEDROP_STICK_SHADE_11_1200X1500_72DPI.png?v=1721256229"",""shade_hex"":""""}]",1,1,24,dry_run,https://fentybeauty.com/products/eaze-drop-skin-tint-foundation-stick-11,https://fentybeauty.com/products/eaze-drop-skin-tint-foundation-stick-11
eps_e5c54fe1e45d46abb922dfb7,ext_d47895852c583796245fa391,US,fenty beauty,Eaze Drop Blur + Smooth Tint Stick — 21,21,https://cdn.shopify.com/s/files/1/0341/3458/9485/files/FB_FALL23_T2PRODUCT_SMEAR_EAZEDROP_STICK_SHADE_21_1200X1500_72DPI.png?v=1718384860,,source_backed_texture_swatch,"[{""shade_key"":""21"",""shade_name"":""21"",""swatch_image_url"":""https://cdn.shopify.com/s/files/1/0341/3458/9485/files/FB_FALL23_T2PRODUCT_SMEAR_EAZEDROP_STICK_SHADE_21_1200X1500_72DPI.png?v=1718384860"",""shade_hex"":""""}]",1,1,24,dry_run,https://fentybeauty.com/products/eaze-drop-skin-tint-foundation-stick-21,https://fentybeauty.com/products/eaze-drop-skin-tint-foundation-stick-21
eps_643ab28dbceb4174afdd49ee,ext_d9a4a7a6859365989e511a64,US,fenty beauty,Eaze Drop Blur + Smooth Tint Stick — 2,2,https://cdn.shopify.com/s/files/1/0341/3458/9485/files/FB_FALL23_T2PRODUCT_SMEAR_EAZEDROP_STICK_SHADE_02_1200X1500_72DPI.png?v=1690914457,,source_backed_texture_swatch,"[{""shade_key"":""2"",""shade_name"":""2"",""swatch_image_url"":""https://cdn.shopify.com/s/files/1/0341/3458/9485/files/FB_FALL23_T2PRODUCT_SMEAR_EAZEDROP_STICK_SHADE_02_1200X1500_72DPI.png?v=1690914457"",""shade_hex"":""""}]",1,1,24,dry_run,https://fentybeauty.com/products/eaze-drop-skin-tint-foundation-stick-2,https://fentybeauty.com/products/eaze-drop-skin-tint-foundation-stick-2
eps_8673f3a7e48345bea11c962d,ext_da0fbdc023211fa1be80413f,US,fenty beauty,Eaze Drop Blur + Smooth Tint Stick — 25,25,https://cdn.shopify.com/s/files/1/0341/3458/9485/files/FB_FALL23_T2PRODUCT_SMEAR_EAZEDROP_STICK_SHADE_25_1200X1500_72DPI.png?v=1690915737,,source_backed_texture_swatch,"[{""shade_key"":""25"",""shade_name"":""25"",""swatch_image_url"":""https://cdn.shopify.com/s/files/1/0341/3458/9485/files/FB_FALL23_T2PRODUCT_SMEAR_EAZEDROP_STICK_SHADE_25_1200X1500_72DPI.png?v=1690915737"",""shade_hex"":""""}]",1,1,24,dry_run,https://fentybeauty.com/products/eaze-drop-skin-tint-foundation-stick-25,https://fentybeauty.com/products/eaze-drop-skin-tint-foundation-stick-25
eps_66e0d3635b894d459061f860,ext_e6a0eee6262f6d7eed611fb8,US,fenty beauty,Eaze Drop Blur + Smooth Tint Stick — 18,18,https://cdn.shopify.com/s/files/1/0341/3458/9485/files/FB_FALL23_T2PRODUCT_SMEAR_EAZEDROP_STICK_SHADE_18_1200X1500_72DPI.png?v=1690915422,,source_backed_texture_swatch,"[{""shade_key"":""18"",""shade_name"":""18"",""swatch_image_url"":""https://cdn.shopify.com/s/files/1/0341/3458/9485/files/FB_FALL23_T2PRODUCT_SMEAR_EAZEDROP_STICK_SHADE_18_1200X1500_72DPI.png?v=1690915422"",""shade_hex"":""""}]",1,1,24,dry_run,https://fentybeauty.com/products/eaze-drop-skin-tint-foundation-stick-18,https://fentybeauty.com/products/eaze-drop-skin-tint-foundation-stick-18
eps_290edcce882c464d8964096a,ext_ea19fd6579b3661c81426d86,US,fenty beauty,Eaze Drop Blur + Smooth Tint Stick — 10,10,https://cdn.shopify.com/s/files/1/0341/3458/9485/files/FB_FALL23_T2PRODUCT_SMEAR_EAZEDROP_STICK_SHADE_10_1200X1500_72DPI.png?v=1691776771,,source_backed_texture_swatch,"[{""shade_key"":""10"",""shade_name"":""10"",""swatch_image_url"":""https://cdn.shopify.com/s/files/1/0341/3458/9485/files/FB_FALL23_T2PRODUCT_SMEAR_EAZEDROP_STICK_SHADE_10_1200X1500_72DPI.png?v=1691776771"",""shade_hex"":""""}]",1,1,24,dry_run,https://fentybeauty.com/products/eaze-drop-skin-tint-foundation-stick-10,https://fentybeauty.com/products/eaze-drop-skin-tint-foundation-stick-10
eps_837f86b07e234527846b79f5,ext_eb9f1ef9424d8ba861c29a83,US,Fenty Beauty,Fenty Icon Velvet Liquid Lipstick — Fiyaproof,fiyaproof,https://cdn.shopify.com/s/files/1/0341/3458/9485/files/FB23_SPRING_T2_SMEAR_ICON_LIQUID-EXT_FIYAPROOF_1200X1500_72DPI.png?v=1748383221,,source_backed_texture_swatch,"[{""shade_key"":""fiyaproof"",""shade_name"":""fiyaproof"",""swatch_image_url"":""https://cdn.shopify.com/s/files/1/0341/3458/9485/files/FB23_SPRING_T2_SMEAR_ICON_LIQUID-EXT_FIYAPROOF_1200X1500_72DPI.png?v=1748383221"",""shade_hex"":""""}]",1,1,5,dry_run,https://fentybeauty.com/products/fenty-icon-velvet-liquid-lipstick-fiyaproof,https://fentybeauty.com/products/fenty-icon-velvet-liquid-lipstick-fiyaproof
eps_6fbdbe76dcca4c0f9e9fdc41,ext_ebf0dd295cbfa23dfe761772,US,Fenty Beauty,Body Lava Body Luminizer — Oyster Pearlz,oyster pearlz|Oyster Pearlz,https://cdn.shopify.com/s/files/1/0341/3458/9485/files/FB_SUM25_T2PRODUCT_SMEAR_BODYLAVA_OYSTERPEARLZ_1200X1500_72DPI.jpg?v=1745604905,,source_backed_texture_swatch,"[{""shade_key"":""oyster pearlz"",""shade_name"":""oyster pearlz"",""swatch_image_url"":""https://cdn.shopify.com/s/files/1/0341/3458/9485/files/FB_SUM25_T2PRODUCT_SMEAR_BODYLAVA_OYSTERPEARLZ_1200X1500_72DPI.jpg?v=1745604905"",""shade_hex"":""""}]",1,1,6,dry_run,https://fentybeauty.com/products/body-lava-body-luminizer-oyster-pearlz,https://fentybeauty.com/products/body-lava-body-luminizer-oyster-pearlz
eps_8a50ffe31fda4548a15db1ae,ext_eec094fce168da6eb81451ec,US,fenty beauty,Eaze Drop Blur + Smooth Tint Stick — 16,16,https://cdn.shopify.com/s/files/1/0341/3458/9485/files/FB_FALL23_T2PRODUCT_SMEAR_EAZEDROP_STICK_SHADE_16_1200X1500_72DPI.png?v=1690915388,,source_backed_texture_swatch,"[{""shade_key"":""16"",""shade_name"":""16"",""swatch_image_url"":""https://cdn.shopify.com/s/files/1/0341/3458/9485/files/FB_FALL23_T2PRODUCT_SMEAR_EAZEDROP_STICK_SHADE_16_1200X1500_72DPI.png?v=1690915388"",""shade_hex"":""""}]",1,1,24,dry_run,https://fentybeauty.com/products/eaze-drop-skin-tint-foundation-stick-16,https://fentybeauty.com/products/eaze-drop-skin-tint-foundation-stick-16
eps_d1b6f875f2944048986d5898,ext_f1acf8adf0d089361e81afd2,US,fenty beauty,Eaze Drop Blur + Smooth Tint Stick — 15,15,https://cdn.shopify.com/s/files/1/0341/3458/9485/files/FB_FALL23_T2PRODUCT_SMEAR_EAZEDROP_STICK_SHADE_15_1200X1500_72DPI.png?v=1690915313,,source_backed_texture_swatch,"[{""shade_key"":""15"",""shade_name"":""15"",""swatch_image_url"":""https://cdn.shopify.com/s/files/1/0341/3458/9485/files/FB_FALL23_T2PRODUCT_SMEAR_EAZEDROP_STICK_SHADE_15_1200X1500_72DPI.png?v=1690915313"",""shade_hex"":""""}]",1,1,24,dry_run,https://fentybeauty.com/products/eaze-drop-skin-tint-foundation-stick-15,https://fentybeauty.com/products/eaze-drop-skin-tint-foundation-stick-15
eps_9edd99d8c65a49059ac3003d,ext_f6d589d8f259726be00e2bc5,US,fenty beauty,Eaze Drop Blur + Smooth Tint Stick — 9,9,https://cdn.shopify.com/s/files/1/0341/3458/9485/files/FB_FALL23_T2PRODUCT_SMEAR_EAZEDROP_STICK_SHADE_09_1200X1500_72DPI.png?v=1690914721,,source_backed_texture_swatch,"[{""shade_key"":""9"",""shade_name"":""9"",""swatch_image_url"":""https://cdn.shopify.com/s/files/1/0341/3458/9485/files/FB_FALL23_T2PRODUCT_SMEAR_EAZEDROP_STICK_SHADE_09_1200X1500_72DPI.png?v=1690914721"",""shade_hex"":""""}]",1,1,24,dry_run,https://fentybeauty.com/products/eaze-drop-skin-tint-foundation-stick-9,https://fentybeauty.com/products/eaze-drop-skin-tint-foundation-stick-9
