source,dataset,pipeline_mode_used,sample_hash,ok,fail_reason,reason_detail,decode_ext,decode_magic,decode_error_code,integration_status,integration_fail_reason,status_code,quality_grade,modules_count,module_pixels_min,empty_module_rate,leakage_bg_mean,leakage_bg_est_mean,leakage_hair_mean,chin_leakage_bg,nose_leakage_bg,chin_leakage_bg_est,nose_leakage_bg_est,chin_outside_oval_ratio,nose_outside_oval_ratio,chin_bottom_band_ratio,nose_side_band_ratio,chin_touches_oval_bottom,nose_touches_oval_side,face_detect_ok,landmark_ok,risk_score,degraded_reasons,reverted_modules,note
internal,internal,local,2be889b510c1a38033ba,true,,,.jpg,jpg,,ok,,200,fail,7,136,0,,0.195,,,,0.096,0,0.197,0,0,0,false,false,,,0.394,QUALITY_GATED,,
internal,internal,local,9a401e18a8c6665aa359,true,,,.jpg,jpg,,ok,,200,degraded,7,13,0,,0.06,,,,0,0,0,0,0,0,false,false,,,0.5,,,
internal,internal,local,95f09bee0971c6fdf362,true,,,.jpg,jpg,,ok,,200,fail,7,136,0,,0.195,,,,0.096,0,0.197,0,0,0,false,false,,,0.394,QUALITY_GATED,,
internal,internal,local,8e4bf9aa88dbd4553991,false,SAMPLE_LOAD_FAIL,HEIC_UNSUPPORTED,.jpg,heic,heic_decode_failed,,,0,,0,0,1,,,,,,,,,,,,false,false,,,1.5,,,heic_decode_failed
internal,internal,local,8cd1ee0d8dc68491634a,false,SAMPLE_LOAD_FAIL,HEIC_UNSUPPORTED,.jpg,heic,heic_decode_failed,,,0,,0,0,1,,,,,,,,,,,,false,false,,,1.5,,,heic_decode_failed
internal,internal,local,2871d635fb37917ea807,false,SAMPLE_LOAD_FAIL,HEIC_UNSUPPORTED,.jpg,heic,heic_decode_failed,,,0,,0,0,1,,,,,,,,,,,,false,false,,,1.5,,,heic_decode_failed
internal,internal,local,81001ae2d5107a11d62a,true,,,.jpg,jpg,,ok,,200,degraded,7,13,0,,0.026,,,,0,0,0,0,0,0,false,false,,,0.5,,,
internal,internal,local,c8e73ea498afad2b050a,true,,,.jpg,jpg,,ok,,200,fail,7,136,0,,0.195,,,,0.096,0,0.197,0,0,0,false,false,,,0.394,QUALITY_GATED,,
internal,internal,local,67efbf2f8e6af895ad60,true,,,.jpg,jpg,,ok,,200,degraded,7,13,0,,0,,,,0,0,0,0,0,0,false,false,,,0.5,,,
internal,internal,local,c5d245f50002c91cc625,false,SAMPLE_LOAD_FAIL,HEIC_UNSUPPORTED,.jpg,heic,heic_decode_failed,,,0,,0,0,1,,,,,,,,,,,,false,false,,,1.5,,,heic_decode_failed
internal,internal,local,80efd4f0a208572eeda6,true,,,.jpg,jpg,,ok,,200,degraded,7,13,0,,0.035,,,,0,0,0,0,0,0,false,false,,,0.5,,,
internal,internal,local,1a421d3b67d230413d7d,true,,,.jpg,jpg,,ok,,200,degraded,7,13,0,,0.051,,,,0,0,0,0,0,0,false,false,,,0.5,,,
internal,internal,local,2cde5c68a939ead990c9,true,,,.jpg,jpg,,ok,,200,degraded,7,13,0,,0.009,,,,0,0,0,0,0,0,false,false,,,0.5,,,
internal,internal,local,db096233b1a2b8103ace,true,,,.jpg,jpg,,ok,,200,degraded,7,13,0,,0.052,,,,0,0,0,0,0,0,false,false,,,0.5,,,
internal,internal,local,cba6ee8b0ed946b9fc84,true,,,.jpg,jpg,,ok,,200,degraded,7,13,0,,0.06,,,,0,0,0,0,0,0,false,false,,,0.5,,,
internal,internal,local,ecfa32a6675cb0ca4e9d,false,SAMPLE_LOAD_FAIL,HEIC_UNSUPPORTED,.jpg,heic,heic_decode_failed,,,0,,0,0,1,,,,,,,,,,,,false,false,,,1.5,,,heic_decode_failed
internal,internal,local,eda446ab5b3d5777d756,true,,,.jpg,jpg,,ok,,200,degraded,7,13,0,,0.001,,,,0,0,0,0,0,0,false,false,,,0.5,,,
internal,internal,local,517b94818932b53000a6,false,SAMPLE_LOAD_FAIL,DECODE_FAIL,.jpg,heic,image_decode_failed,,,0,,0,0,1,,,,,,,,,,,,false,false,,,1.5,,,image_decode_failed
internal,internal,local,97b6ca57da0455f72b7a,true,,,.jpg,jpg,,ok,,200,degraded,7,13,0,,0.06,,,,0,0,0,0,0,0,false,false,,,0.5,,,
internal,internal,local,b7edb7b7990085293b83,false,SAMPLE_LOAD_FAIL,HEIC_UNSUPPORTED,.jpg,heic,heic_decode_failed,,,0,,0,0,1,,,,,,,,,,,,false,false,,,1.5,,,heic_decode_failed
internal,internal,local,46f70245a0510df88a5e,false,SAMPLE_LOAD_FAIL,DECODE_FAIL,.jpg,heic,image_decode_failed,,,0,,0,0,1,,,,,,,,,,,,false,false,,,1.5,,,image_decode_failed
internal,internal,local,327308ddff38f5287def,true,,,.jpg,jpg,,ok,,200,degraded,7,13,0,,0.051,,,,0,0,0,0,0,0,false,false,,,0.5,,,
internal,internal,local,a192a4bd6814d37c6dcb,true,,,.jpg,jpg,,ok,,200,degraded,7,13,0,,0.035,,,,0,0,0,0,0,0,false,false,,,0.5,,,
internal,internal,local,2dd4b942b36d73848f53,true,,,.jpg,jpg,,ok,,200,fail,7,136,0,,0.195,,,,0.096,0,0.197,0,0,0,false,false,,,0.394,QUALITY_GATED,,
internal,internal,local,740de1a098a6a6ec9300,true,,,.jpg,jpg,,ok,,200,degraded,7,13,0,,0.051,,,,0,0,0,0,0,0,false,false,,,0.5,,,
internal,internal,local,30910e29416f653b4d58,true,,,.jpg,jpg,,ok,,200,fail,7,136,0,,0.195,,,,0.096,0,0.197,0,0,0,false,false,,,0.394,QUALITY_GATED,,
internal,internal,local,b33837f5960366cd1e33,false,SAMPLE_LOAD_FAIL,HEIC_UNSUPPORTED,.jpg,heic,heic_decode_failed,,,0,,0,0,1,,,,,,,,,,,,false,false,,,1.5,,,heic_decode_failed
internal,internal,local,3690bf2e5215c9224993,false,SAMPLE_LOAD_FAIL,HEIC_UNSUPPORTED,.jpg,heic,heic_decode_failed,,,0,,0,0,1,,,,,,,,,,,,false,false,,,1.5,,,heic_decode_failed
internal,internal,local,370608993748ebd4eb84,true,,,.jpg,jpg,,ok,,200,degraded,7,13,0,,0.043,,,,0,0,0,0,0,0,false,false,,,0.5,,,
internal,internal,local,7d3afb114bf090b5b9ca,true,,,.jpg,jpg,,ok,,200,degraded,7,13,0,,0.018,,,,0,0,0,0,0,0,false,false,,,0.5,,,
internal,internal,local,abd050e557398ddfe833,false,SAMPLE_LOAD_FAIL,HEIC_UNSUPPORTED,.jpg,heic,heic_decode_failed,,,0,,0,0,1,,,,,,,,,,,,false,false,,,1.5,,,heic_decode_failed
internal,internal,local,ec9ee489fb60cf362b3a,true,,,.jpg,jpg,,ok,,200,degraded,7,13,0,,0,,,,0,0,0,0,0,0,false,false,,,0.5,,,
internal,internal,local,00c433c58cbca9b326c6,true,,,.jpg,jpg,,ok,,200,fail,7,136,0,,0.195,,,,0.096,0,0.197,0,0,0,false,false,,,0.394,QUALITY_GATED,,
internal,internal,local,eaacf8df1f955dfe7fea,true,,,.jpg,jpg,,ok,,200,degraded,7,13,0,,0.034,,,,0,0,0,0,0,0,false,false,,,0.5,,,
internal,internal,local,97c18f872fe4d7901413,true,,,.jpg,jpg,,ok,,200,degraded,7,13,0,,0.06,,,,0,0,0,0,0,0,false,false,,,0.5,,,
internal,internal,local,47f090ddb118aa71740e,false,SAMPLE_LOAD_FAIL,HEIC_UNSUPPORTED,.jpg,heic,heic_decode_failed,,,0,,0,0,1,,,,,,,,,,,,false,false,,,1.5,,,heic_decode_failed
internal,internal,local,c6e0b8e591c13553051b,false,SAMPLE_LOAD_FAIL,HEIC_UNSUPPORTED,.jpg,heic,heic_decode_failed,,,0,,0,0,1,,,,,,,,,,,,false,false,,,1.5,,,heic_decode_failed
internal,internal,local,d5028a5fda1c616936a9,true,,,.jpg,jpg,,ok,,200,degraded,7,13,0,,0.034,,,,0,0,0,0,0,0,false,false,,,0.5,,,
internal,internal,local,cad5538cd834b73c8d2a,false,SAMPLE_LOAD_FAIL,HEIC_UNSUPPORTED,.jpg,heic,heic_decode_failed,,,0,,0,0,1,,,,,,,,,,,,false,false,,,1.5,,,heic_decode_failed
internal,internal,local,5b870d064405f03b3793,false,SAMPLE_LOAD_FAIL,HEIC_UNSUPPORTED,.jpg,heic,heic_decode_failed,,,0,,0,0,1,,,,,,,,,,,,false,false,,,1.5,,,heic_decode_failed
internal,internal,local,db9c9a65ca745d046584,true,,,.jpg,jpg,,ok,,200,fail,7,136,0,,0.195,,,,0.096,0,0.197,0,0,0,false,false,,,0.394,QUALITY_GATED,,
internal,internal,local,23aae3c3e7ff06de323b,false,SAMPLE_LOAD_FAIL,HEIC_UNSUPPORTED,.jpg,heic,heic_decode_failed,,,0,,0,0,1,,,,,,,,,,,,false,false,,,1.5,,,heic_decode_failed
internal,internal,local,6903a08035fabdadc606,true,,,.jpg,jpg,,ok,,200,degraded,7,13,0,,0.051,,,,0,0,0,0,0,0,false,false,,,0.5,,,
internal,internal,local,08345d3670efbb54853a,true,,,.jpg,jpg,,ok,,200,degraded,7,13,0,,0.027,,,,0,0,0,0,0,0,false,false,,,0.5,,,
internal,internal,local,12b9f97c30dd20df1729,false,SAMPLE_LOAD_FAIL,HEIC_UNSUPPORTED,.jpg,heic,heic_decode_failed,,,0,,0,0,1,,,,,,,,,,,,false,false,,,1.5,,,heic_decode_failed
internal,internal,local,d74bff5edd9a03a256dc,true,,,.jpg,jpg,,ok,,200,degraded,7,13,0,,0.06,,,,0,0,0,0,0,0,false,false,,,0.5,,,
internal,internal,local,76b0604c27065237198a,true,,,.jpg,jpg,,ok,,200,degraded,7,13,0,,0.051,,,,0,0,0,0,0,0,false,false,,,0.5,,,
internal,internal,local,23d2a016046f97144461,false,SAMPLE_LOAD_FAIL,HEIC_UNSUPPORTED,.jpg,heic,heic_decode_failed,,,0,,0,0,1,,,,,,,,,,,,false,false,,,1.5,,,heic_decode_failed
internal,internal,local,c1c8d71be8c35385c9eb,true,,,.jpg,jpg,,ok,,200,degraded,7,13,0,,0.026,,,,0,0,0,0,0,0,false,false,,,0.5,,,
internal,internal,local,b9e4ec31b770abab8840,false,SAMPLE_LOAD_FAIL,HEIC_UNSUPPORTED,.jpg,heic,heic_decode_failed,,,0,,0,0,1,,,,,,,,,,,,false,false,,,1.5,,,heic_decode_failed
internal,internal,local,3eb8ce9ab179c785b22b,false,SAMPLE_LOAD_FAIL,HEIC_UNSUPPORTED,.jpg,heic,heic_decode_failed,,,0,,0,0,1,,,,,,,,,,,,false,false,,,1.5,,,heic_decode_failed
fasseg,fasseg,fasseg_eval,d80d5cd03bb228f506d5,true,,,,,,,,200,degraded,7,204,0,0.018,,0.003,0,0,,,,,,,false,false,true,true,0,,,
fasseg,fasseg,fasseg_eval,cab735e532536a523369,true,,,,,,,,200,degraded,7,204,0,0.019,,0.007,0,0,,,,,,,false,false,true,true,0,,,
fasseg,fasseg,fasseg_eval,7726c9e29daea05a418d,true,,,,,,,,200,degraded,7,204,0,0.006,,0.001,0.01,0,,,,,,,false,false,true,true,0.01,,,
fasseg,fasseg,fasseg_eval,33efd9c0b8510abc9f9e,true,,,,,,,,200,fail,7,2172,0,0.107,,0.012,0.398,0.042,,,,,,,false,false,true,true,0.398,QUALITY_GATED,,
fasseg,fasseg,fasseg_eval,f3347367324892256656,true,,,,,,,,200,degraded,7,204,0,0.034,,0.004,0.078,0.026,,,,,,,false,false,true,true,0.078,,,
fasseg,fasseg,fasseg_eval,cdbfbfae36b4ccee2d88,true,,,,,,,,200,fail,7,2172,0,0.294,,0.001,0.396,0.916,,,,,,,false,false,true,true,0.916,QUALITY_GATED,,
fasseg,fasseg,fasseg_eval,e27f54d36eecbaf60010,true,,,,,,,,200,degraded,7,204,0,0.015,,0.003,0.01,0,,,,,,,false,false,true,true,0.01,,,
fasseg,fasseg,fasseg_eval,bda462665c5788f9deb6,true,,,,,,,,200,degraded,7,204,0,0.029,,0.004,0,0,,,,,,,false,false,true,true,0,,,
fasseg,fasseg,fasseg_eval,685010ca2b4790d0c91d,true,,,,,,,,200,degraded,7,204,0,0.135,,0.004,0.819,0.023,,,,,,,false,false,true,true,0.819,,,
fasseg,fasseg,fasseg_eval,d781618b694b6938f683,true,,,,,,,,200,degraded,7,204,0,0.018,,0.003,0,0,,,,,,,false,false,true,true,0,,,
fasseg,fasseg,fasseg_eval,a9ec668e665554446caf,true,,,,,,,,200,degraded,7,204,0,0.018,,0.003,0,0,,,,,,,false,false,true,true,0,,,
fasseg,fasseg,fasseg_eval,96bcf2836631ce97bfea,true,,,,,,,,200,degraded,7,204,0,0.018,,0.003,0.064,0.009,,,,,,,false,false,true,true,0.064,,,
fasseg,fasseg,fasseg_eval,5fe90faa854804d68851,true,,,,,,,,200,degraded,7,204,0,0.017,,0.005,0,0.009,,,,,,,false,false,true,true,0.009,,,
fasseg,fasseg,fasseg_eval,6c5601a413967a679b9d,true,,,,,,,,200,degraded,7,204,0,0.017,,0.008,0,0,,,,,,,false,false,true,true,0,,,
fasseg,fasseg,fasseg_eval,c3fc5ec220165ad94dbc,true,,,,,,,,200,degraded,7,204,0,0.012,,0.007,0,0,,,,,,,false,false,true,true,0,,,
fasseg,fasseg,fasseg_eval,01633277e8cbce167fdc,true,,,,,,,,200,degraded,7,204,0,0.011,,0.003,0,0,,,,,,,false,false,true,true,0,,,
fasseg,fasseg,fasseg_eval,03ef8449e505553f3f08,true,,,,,,,,200,fail,7,2172,0,0.24,,0.001,0.373,0.868,,,,,,,false,false,true,true,0.868,QUALITY_GATED,,
fasseg,fasseg,fasseg_eval,1282f3c995d3ff451e8e,true,,,,,,,,200,degraded,7,204,0,0.013,,0.003,0,0,,,,,,,false,false,true,true,0,,,
fasseg,fasseg,fasseg_eval,12c1ec6a4a729ecfa504,true,,,,,,,,200,degraded,7,204,0,0.162,,0.001,0,1,,,,,,,false,false,true,true,1,,,
fasseg,fasseg,fasseg_eval,5cf8f3544b04e411aa30,true,,,,,,,,200,degraded,7,204,0,0.018,,0.006,0,0.069,,,,,,,false,false,true,true,0.069,,,
fasseg,fasseg,fasseg_eval,d09ee5682881a901ab67,true,,,,,,,,200,degraded,7,204,0,0.034,,0.004,0,0,,,,,,,false,false,true,true,0,,,
fasseg,fasseg,fasseg_eval,a4c8e2bd4a257cae0939,true,,,,,,,,200,degraded,7,204,0,0.026,,0.003,0,0.024,,,,,,,false,false,true,true,0.024,,,
fasseg,fasseg,fasseg_eval,6ceb698bec7f9ff250af,true,,,,,,,,200,degraded,7,204,0,0.011,,0.001,0,0,,,,,,,false,false,true,true,0,,,
fasseg,fasseg,fasseg_eval,31344b7d6847c27580ba,true,,,,,,,,200,degraded,7,204,0,0.015,,0.005,0.01,0.001,,,,,,,false,false,true,true,0.01,,,
fasseg,fasseg,fasseg_eval,965f655146b7f3630784,true,,,,,,,,200,degraded,7,204,0,0.01,,0.003,0,0,,,,,,,false,false,true,true,0,,,
fasseg,fasseg,fasseg_eval,70db2dab451c53a85ad6,true,,,,,,,,200,degraded,7,204,0,0.009,,0.003,0,0,,,,,,,false,false,true,true,0,,,
fasseg,fasseg,fasseg_eval,7d3c2e4512df663f61a5,true,,,,,,,,200,degraded,7,204,0,0.138,,0.008,0.843,0.034,,,,,,,false,false,true,true,0.843,,,
fasseg,fasseg,fasseg_eval,89c2415ac2f313ec0afe,true,,,,,,,,200,fail,7,2172,0,0.1,,0.006,0.371,0.048,,,,,,,false,false,true,true,0.371,QUALITY_GATED,,
fasseg,fasseg,fasseg_eval,9ba324d85a67220331c0,true,,,,,,,,200,degraded,7,204,0,0.006,,0.002,0,0,,,,,,,false,false,true,true,0,,,
fasseg,fasseg,fasseg_eval,7e8b6ee71a00fbb0b09e,true,,,,,,,,200,degraded,7,204,0,0.002,,0.002,0,0,,,,,,,false,false,true,true,0,,,
fasseg,fasseg,fasseg_eval,c9599a5e9732c9728c80,true,,,,,,,,200,fail,7,2172,0,0.282,,0.002,0.38,0.966,,,,,,,false,false,true,true,0.966,QUALITY_GATED,,
fasseg,fasseg,fasseg_eval,66a6b0b43e3cdf684277,true,,,,,,,,200,degraded,7,204,0,0.005,,0.002,0,0,,,,,,,false,false,true,true,0,,,
fasseg,fasseg,fasseg_eval,e141bc6a632605d49a2f,true,,,,,,,,200,fail,7,2172,0,0.075,,0.007,0.272,0.071,,,,,,,false,false,true,true,0.272,QUALITY_GATED,,
fasseg,fasseg,fasseg_eval,ce0ac1e23a218d3cb9b7,true,,,,,,,,200,degraded,7,204,0,0.014,,0.005,0,0,,,,,,,false,false,true,true,0,,,
fasseg,fasseg,fasseg_eval,82c2d3069d6d733ee877,true,,,,,,,,200,degraded,7,204,0,0.027,,0.002,0,0,,,,,,,false,false,true,true,0,,,
fasseg,fasseg,fasseg_eval,8d974d161a9c8ae30624,true,,,,,,,,200,fail,7,2172,0,0.323,,0.002,0.496,0.81,,,,,,,false,false,true,true,0.81,QUALITY_GATED,,
fasseg,fasseg,fasseg_eval,91055fee7b4c06e24afe,true,,,,,,,,200,degraded,7,204,0,0.016,,0.005,0,0,,,,,,,false,false,true,true,0,,,
fasseg,fasseg,fasseg_eval,9d1a0c5281d6231d9f39,true,,,,,,,,200,degraded,7,204,0,0.014,,0.005,0,0,,,,,,,false,false,true,true,0,,,
fasseg,fasseg,fasseg_eval,e4e50994674fce3ba9af,true,,,,,,,,200,degraded,7,204,0,0.019,,0.006,0,0,,,,,,,false,false,true,true,0,,,
fasseg,fasseg,fasseg_eval,d945b7c08ab302d5a0fd,true,,,,,,,,200,degraded,7,204,0,0.004,,0.002,0,0,,,,,,,false,false,true,true,0,,,
fasseg,fasseg,fasseg_eval,3b95898a5fa1505349ab,true,,,,,,,,200,degraded,7,204,0,0.02,,0.002,0,0.104,,,,,,,false,false,true,true,0.104,,,
fasseg,fasseg,fasseg_eval,8a41f4c1957feb9f844c,true,,,,,,,,200,fail,7,2172,0,0.283,,0.002,0.376,0.96,,,,,,,false,false,true,true,0.96,QUALITY_GATED,,
fasseg,fasseg,fasseg_eval,80cab335c4550101b3f2,true,,,,,,,,200,degraded,7,204,0,0.009,,0.002,0,0,,,,,,,false,false,true,true,0,,,
fasseg,fasseg,fasseg_eval,4dd4aba800bcc725b892,true,,,,,,,,200,degraded,7,204,0,0.006,,0.002,0,0,,,,,,,false,false,true,true,0,,,
fasseg,fasseg,fasseg_eval,9f3f9948a5cc723496dc,true,,,,,,,,200,degraded,7,204,0,0.019,,0.004,0,0,,,,,,,false,false,true,true,0,,,
fasseg,fasseg,fasseg_eval,a8ef4727bd0ba30f1519,true,,,,,,,,200,degraded,7,204,0,0.009,,0.002,0,0,,,,,,,false,false,true,true,0,,,
fasseg,fasseg,fasseg_eval,cad11a987dcb59b9c31a,true,,,,,,,,200,degraded,7,204,0,0.163,,0.001,0,1,,,,,,,false,false,true,true,1,,,
fasseg,fasseg,fasseg_eval,b6d88fa7eee019450100,true,,,,,,,,200,degraded,7,204,0,0.01,,0.002,0,0,,,,,,,false,false,true,true,0,,,
fasseg,fasseg,fasseg_eval,47ddb4a41c167ced0283,true,,,,,,,,200,degraded,7,204,0,0.008,,0.003,0,0,,,,,,,false,false,true,true,0,,,
fasseg,fasseg,fasseg_eval,9bab497955bb0a86418e,true,,,,,,,,200,degraded,7,204,0,0.011,,0.004,0,0,,,,,,,false,false,true,true,0,,,
fasseg,fasseg,fasseg_eval,a5aa357f8256daf1a187,true,,,,,,,,200,degraded,7,204,0,0.011,,0.004,0,0,,,,,,,false,false,true,true,0,,,
fasseg,fasseg,fasseg_eval,aa06e324845f710e2ff7,true,,,,,,,,200,fail,7,2172,0,0.034,,0.186,0,0,,,,,,,false,false,true,true,0,QUALITY_GATED,,
fasseg,fasseg,fasseg_eval,29eac7b6512d2f13a56e,true,,,,,,,,200,degraded,7,204,0,0.011,,0.004,0,0,,,,,,,false,false,true,true,0,,,
fasseg,fasseg,fasseg_eval,1ff14ee379e4f712a0aa,true,,,,,,,,200,fail,7,2172,0,0.278,,0.001,0.265,0.91,,,,,,,false,false,true,true,0.91,QUALITY_GATED,,
fasseg,fasseg,fasseg_eval,7c5630245699f9ee0be3,true,,,,,,,,200,fail,7,2172,0,0.28,,0.002,0.299,0.962,,,,,,,false,false,true,true,0.962,QUALITY_GATED,,
fasseg,fasseg,fasseg_eval,ccc42ed66e2468024b8c,true,,,,,,,,200,fail,7,2172,0,0.185,,0.002,0.272,,,,,,,,false,false,true,true,0.272,QUALITY_GATED,,
fasseg,fasseg,fasseg_eval,9d34b4a015c71345823f,true,,,,,,,,200,degraded,7,204,0,0.05,,0.008,0.167,0.024,,,,,,,false,false,true,true,0.167,,,
fasseg,fasseg,fasseg_eval,0b7e7a87d4f0d5d130fc,true,,,,,,,,200,degraded,7,204,0,0.015,,0.007,0,0.003,,,,,,,false,false,true,true,0.003,,,
fasseg,fasseg,fasseg_eval,698277a14a1ca95c6992,true,,,,,,,,200,degraded,7,204,0,0.005,,0.002,0,0,,,,,,,false,false,true,true,0,,,
fasseg,fasseg,fasseg_eval,3c137f23132d4e689e23,true,,,,,,,,200,degraded,7,204,0,0.009,,0.002,0,0,,,,,,,false,false,true,true,0,,,
fasseg,fasseg,fasseg_eval,c425d528d1978cb64946,true,,,,,,,,200,degraded,7,204,0,0.018,,0.005,0,0,,,,,,,false,false,true,true,0,,,
fasseg,fasseg,fasseg_eval,df4fb934884b8677b8c8,true,,,,,,,,200,degraded,7,204,0,0.009,,0.003,0,0,,,,,,,false,false,true,true,0,,,
fasseg,fasseg,fasseg_eval,70a8b62cb597fd937cd6,true,,,,,,,,200,degraded,7,204,0,0.012,,0.004,0,0,,,,,,,false,false,true,true,0,,,
fasseg,fasseg,fasseg_eval,84dce1380db16e76fb54,true,,,,,,,,200,degraded,7,204,0,0.209,,0.002,0,1,,,,,,,false,false,true,true,1,,,
fasseg,fasseg,fasseg_eval,6b78c323170466a22904,true,,,,,,,,200,degraded,7,204,0,0.151,,0,0,1,,,,,,,false,false,true,true,1,,,
fasseg,fasseg,fasseg_eval,7260aa9ed4833498f667,true,,,,,,,,200,degraded,7,204,0,0.022,,0.004,0,0.017,,,,,,,false,false,true,true,0.017,,,
fasseg,fasseg,fasseg_eval,baeb42cf90cf77a4229c,true,,,,,,,,200,degraded,7,204,0,0.013,,0.005,0,0,,,,,,,false,false,true,true,0,,,
fasseg,fasseg,fasseg_eval,88acdf9256e773099d44,true,,,,,,,,200,degraded,7,204,0,0.023,,0.004,0,0,,,,,,,false,false,true,true,0,,,
fasseg,fasseg,fasseg_eval,965b78b01f043e3d68d0,true,,,,,,,,200,degraded,7,204,0,0.009,,0.005,0,0,,,,,,,false,false,true,true,0,,,
fasseg,fasseg,fasseg_eval,4dd2dc39a9fad745a230,true,,,,,,,,200,degraded,7,204,0,0.055,,0.009,0,0.331,,,,,,,false,false,true,true,0.331,,,
fasseg,fasseg,fasseg_eval,399d6842b7a5060e5ed7,true,,,,,,,,200,degraded,7,204,0,0.028,,0.007,0,0.016,,,,,,,false,false,true,true,0.016,,,
fasseg,fasseg,fasseg_eval,f0d834de9bc444f0869b,true,,,,,,,,200,fail,7,2172,0,0.253,,0.002,0.349,0.908,,,,,,,false,false,true,true,0.908,QUALITY_GATED,,
fasseg,fasseg,fasseg_eval,e2af829798856b000a9e,true,,,,,,,,200,fail,7,2172,0,0.094,,0.011,0.439,0.041,,,,,,,false,false,true,true,0.439,QUALITY_GATED,,
fasseg,fasseg,fasseg_eval,c1a7e75141abaa308846,true,,,,,,,,200,degraded,7,204,0,0.039,,0.009,0.098,0,,,,,,,false,false,true,true,0.098,,,
fasseg,fasseg,fasseg_eval,c64cd7c2e7fde63c7158,true,,,,,,,,200,degraded,7,204,0,0.026,,0.005,0,0,,,,,,,false,false,true,true,0,,,
fasseg,fasseg,fasseg_eval,e0b73a3da1f202eb588e,true,,,,,,,,200,degraded,7,204,0,0.014,,0.006,0,0.006,,,,,,,false,false,true,true,0.006,,,
fasseg,fasseg,fasseg_eval,031693089eaebcb1a548,true,,,,,,,,200,degraded,7,204,0,0.023,,0.004,0,0,,,,,,,false,false,true,true,0,,,
fasseg,fasseg,fasseg_eval,9c2d805230aea852046a,true,,,,,,,,200,degraded,7,204,0,0.018,,0.004,0,0,,,,,,,false,false,true,true,0,,,
fasseg,fasseg,fasseg_eval,aa0c28cd45b36ec6b1e1,true,,,,,,,,200,degraded,7,204,0,0.156,,0,0,1,,,,,,,false,false,true,true,1,,,
fasseg,fasseg,fasseg_eval,256f0ba740ead194e2a5,true,,,,,,,,200,degraded,7,204,0,0.015,,0.002,0,0,,,,,,,false,false,true,true,0,,,
fasseg,fasseg,fasseg_eval,1095df650f8978bf18d3,true,,,,,,,,200,degraded,7,204,0,0.194,,0.001,0,0.984,,,,,,,false,false,true,true,0.984,,,
fasseg,fasseg,fasseg_eval,398e85a01f0a25db38ab,true,,,,,,,,200,degraded,7,204,0,0.051,,0.007,0,0.186,,,,,,,false,false,true,true,0.186,,,
fasseg,fasseg,fasseg_eval,fa5e86e0aec23b07aee6,true,,,,,,,,200,degraded,7,204,0,0.061,,0.008,0.338,0,,,,,,,false,false,true,true,0.338,,,
fasseg,fasseg,fasseg_eval,c75dd5c978e7a1df4ab0,true,,,,,,,,200,degraded,7,204,0,0.006,,0.003,0,0,,,,,,,false,false,true,true,0,,,
fasseg,fasseg,fasseg_eval,d306cf35b0a408fcdd02,true,,,,,,,,200,degraded,7,204,0,0.046,,0.003,0.216,0,,,,,,,false,false,true,true,0.216,,,
fasseg,fasseg,fasseg_eval,15fcbc518f53f4113b86,true,,,,,,,,200,degraded,7,204,0,0.014,,0.005,0,0,,,,,,,false,false,true,true,0,,,
fasseg,fasseg,fasseg_eval,cfeafdab31857da3f000,true,,,,,,,,200,degraded,7,204,0,0.041,,0.02,0,0.151,,,,,,,false,false,true,true,0.151,,,
fasseg,fasseg,fasseg_eval,227bba5d08572f724c26,true,,,,,,,,200,degraded,7,204,0,0.022,,0.003,0,0,,,,,,,false,false,true,true,0,,,
fasseg,fasseg,fasseg_eval,d6d61ed2e54e7da29a14,true,,,,,,,,200,fail,7,2172,0,0.118,,0.009,0.377,0.07,,,,,,,false,false,true,true,0.377,QUALITY_GATED,,
fasseg,fasseg,fasseg_eval,8ad2f93991c3b69eaf2c,true,,,,,,,,200,degraded,7,204,0,0.011,,0.004,0,0,,,,,,,false,false,true,true,0,,,
fasseg,fasseg,fasseg_eval,7d8635294cf5d72ed9d4,true,,,,,,,,200,degraded,7,204,0,0.008,,0.006,0,0,,,,,,,false,false,true,true,0,,,
fasseg,fasseg,fasseg_eval,56fb85b467deb36bef8a,true,,,,,,,,200,degraded,7,204,0,0.053,,0.004,0.304,0,,,,,,,false,false,true,true,0.304,,,
fasseg,fasseg,fasseg_eval,a76edab5ba5dd438bba4,true,,,,,,,,200,degraded,7,204,0,0.046,,0.004,0.304,0,,,,,,,false,false,true,true,0.304,,,
fasseg,fasseg,fasseg_eval,31fb016496ce543f5f0e,true,,,,,,,,200,fail,7,2172,0,0.101,,0.008,0.471,0.035,,,,,,,false,false,true,true,0.471,QUALITY_GATED,,
fasseg,fasseg,fasseg_eval,415d6c86acd6c583ec88,true,,,,,,,,200,degraded,7,204,0,0.011,,0.002,0,0,,,,,,,false,false,true,true,0,,,
fasseg,fasseg,fasseg_eval,b0089e8f625b537a68cf,true,,,,,,,,200,degraded,7,204,0,0.073,,0.008,0.338,0.087,,,,,,,false,false,true,true,0.338,,,
fasseg,fasseg,fasseg_eval,c66cc8ce8aff0651f026,true,,,,,,,,200,fail,7,2172,0,0.108,,0.008,0.384,0.109,,,,,,,false,false,true,true,0.384,QUALITY_GATED,,
fasseg,fasseg,fasseg_eval,090b800b5a6ee83b274f,true,,,,,,,,200,degraded,7,204,0,0.019,,0.003,0,0,,,,,,,false,false,true,true,0,,,
fasseg,fasseg,fasseg_eval,70436ad84d7253716361,true,,,,,,,,200,degraded,7,204,0,0.022,,0.005,0,0.001,,,,,,,false,false,true,true,0.001,,,
fasseg,fasseg,fasseg_eval,44e73cb132b4662f1034,true,,,,,,,,200,degraded,7,204,0,0.21,,0.001,0,0.991,,,,,,,false,false,true,true,0.991,,,
fasseg,fasseg,fasseg_eval,f7daf281863c321c9c9a,true,,,,,,,,200,degraded,7,204,0,0.002,,0,0,0,,,,,,,false,false,true,true,0,,,
fasseg,fasseg,fasseg_eval,af058123119875ab01bb,true,,,,,,,,200,fail,7,2172,0,0.148,,0.006,0.665,0.072,,,,,,,false,false,true,true,0.665,QUALITY_GATED,,
fasseg,fasseg,fasseg_eval,d3fbc6b950f8b09783d1,true,,,,,,,,200,degraded,7,204,0,0.011,,0.004,0,0,,,,,,,false,false,true,true,0,,,
fasseg,fasseg,fasseg_eval,15aff2c8c09a06ef51d2,true,,,,,,,,200,degraded,7,204,0,0.015,,0.004,0,0,,,,,,,false,false,true,true,0,,,
fasseg,fasseg,fasseg_eval,7fbc44f62f671b75a93b,true,,,,,,,,200,degraded,7,204,0,0.027,,0.004,0,0,,,,,,,false,false,true,true,0,,,
lapa,lapa,local,6a06bff9d744fa60aa8f,true,,,.jpg,jpg,,ok,,200,fail,7,136,0,,0.195,,,,0.096,0,0.197,0,0,0,false,false,,,0.394,QUALITY_GATED,,
lapa,lapa,local,2cbec4259cc44bbc335d,true,,,.jpg,jpg,,ok,,200,fail,7,136,0,,0.195,,,,0.096,0,0.197,0,0,0,false,false,,,0.394,QUALITY_GATED,,
lapa,lapa,local,ec260e6e1e81d93b0406,true,,,.jpg,jpg,,ok,,200,degraded,7,13,0,,0.06,,,,0,0,0,0,0,0,false,false,,,0.5,,,
lapa,lapa,local,6543027d6011bbe47017,true,,,.jpg,jpg,,ok,,200,fail,7,136,0,,0.195,,,,0.096,0,0.197,0,0,0,false,false,,,0.394,QUALITY_GATED,,
lapa,lapa,local,b8d5543b63da92e2b3e2,true,,,.jpg,jpg,,ok,,200,degraded,7,13,0,,0.06,,,,0,0,0,0,0,0,false,false,,,0.5,,,
lapa,lapa,local,20e5634dcef44b587265,true,,,.jpg,jpg,,ok,,200,degraded,7,13,0,,0.009,,,,0,0,0,0,0,0,false,false,,,0.5,,,
lapa,lapa,local,e66d39b07e4cace16800,true,,,.jpg,jpg,,ok,,200,fail,7,136,0,,0.195,,,,0.096,0,0.197,0,0,0,false,false,,,0.394,QUALITY_GATED,,
lapa,lapa,local,8e697514f3a571094331,true,,,.jpg,jpg,,ok,,200,fail,7,136,0,,0.195,,,,0.096,0,0.197,0,0,0,false,false,,,0.394,QUALITY_GATED,,
lapa,lapa,local,f261587b4c1baedb0732,true,,,.jpg,jpg,,ok,,200,degraded,7,13,0,,0.01,,,,0,0,0,0,0,0,false,false,,,0.5,,,
lapa,lapa,local,8bf55eb2e45eb6e11952,true,,,.jpg,jpg,,ok,,200,fail,7,136,0,,0.195,,,,0.096,0,0.197,0,0,0,false,false,,,0.394,QUALITY_GATED,,
lapa,lapa,local,3e1188a3d899565fe1c5,true,,,.jpg,jpg,,ok,,200,fail,7,136,0,,0.195,,,,0.096,0,0.197,0,0,0,false,false,,,0.394,QUALITY_GATED,,
lapa,lapa,local,fced8a9439479c79e009,true,,,.jpg,jpg,,ok,,200,fail,7,136,0,,0.195,,,,0.096,0,0.197,0,0,0,false,false,,,0.394,QUALITY_GATED,,
lapa,lapa,local,51a344cc62c2779bab41,true,,,.jpg,jpg,,ok,,200,fail,7,136,0,,0.195,,,,0.096,0,0.197,0,0,0,false,false,,,0.394,QUALITY_GATED,,
lapa,lapa,local,626eeda2ca823d141c58,true,,,.jpg,jpg,,ok,,200,degraded,7,13,0,,0.011,,,,0,0,0,0,0,0,false,false,,,0.5,,,
lapa,lapa,local,59e04c28a01aedda463f,true,,,.jpg,jpg,,ok,,200,fail,7,136,0,,0.195,,,,0.096,0,0.197,0,0,0,false,false,,,0.394,QUALITY_GATED,,
lapa,lapa,local,267f8f37aeb6dd0c94ef,true,,,.jpg,jpg,,ok,,200,fail,7,136,0,,0.195,,,,0.096,0,0.197,0,0,0,false,false,,,0.394,QUALITY_GATED,,
lapa,lapa,local,08abdef708b4601641ef,true,,,.jpg,jpg,,ok,,200,degraded,7,13,0,,0,,,,0,0,0,0,0,0,false,false,,,0.5,,,
lapa,lapa,local,32d8cd3c6c6ffe744890,false,LOCAL_DIAGNOSIS_FAIL,,.jpg,jpg,,missing_card,LOCAL_DIAGNOSIS_FAIL,0,,0,0,1,,,,,,,,,,,,false,false,,,1.5,,,skin_roi_not_found
lapa,lapa,local,4892dc155ff984a75d80,true,,,.jpg,jpg,,ok,,200,fail,7,136,0,,0.195,,,,0.096,0,0.197,0,0,0,false,false,,,0.394,QUALITY_GATED,,
lapa,lapa,local,ae68a00e1f3d262db1e7,false,LOCAL_DIAGNOSIS_FAIL,,.jpg,jpg,,missing_card,LOCAL_DIAGNOSIS_FAIL,0,,0,0,1,,,,,,,,,,,,false,false,,,1.5,,,skin_roi_not_found
lapa,lapa,local,d48ed36d3042fb9b763f,false,LOCAL_DIAGNOSIS_FAIL,,.jpg,jpg,,missing_card,LOCAL_DIAGNOSIS_FAIL,0,,0,0,1,,,,,,,,,,,,false,false,,,1.5,,,skin_roi_not_found
lapa,lapa,local,efd8a6777a93e63622b9,true,,,.jpg,jpg,,ok,,200,degraded,7,13,0,,0.06,,,,0,0,0,0,0,0,false,false,,,0.5,,,
lapa,lapa,local,db84b4f4bdb1691f68ee,true,,,.jpg,jpg,,ok,,200,degraded,7,13,0,,0.06,,,,0,0,0,0,0,0,false,false,,,0.5,,,
lapa,lapa,local,0bae8a37edb72579fe85,true,,,.jpg,jpg,,ok,,200,degraded,7,13,0,,0.025,,,,0,0,0,0,0,0,false,false,,,0.5,,,
lapa,lapa,local,6b2042223b72de875eb2,true,,,.jpg,jpg,,ok,,200,degraded,7,13,0,,0.009,,,,0,0,0,0,0,0,false,false,,,0.5,,,
lapa,lapa,local,f7ebc2d9ce7aefa26452,true,,,.jpg,jpg,,ok,,200,degraded,7,13,0,,0.034,,,,0,0,0,0,0,0,false,false,,,0.5,,,
lapa,lapa,local,518a29ab01283142f6e4,true,,,.jpg,jpg,,ok,,200,degraded,7,13,0,,0.009,,,,0,0,0,0,0,0,false,false,,,0.5,,,
lapa,lapa,local,2073286da03cc95ff590,true,,,.jpg,jpg,,ok,,200,degraded,7,13,0,,0.06,,,,0,0,0,0,0,0,false,false,,,0.5,,,
lapa,lapa,local,316de9b2abf6b3b35879,true,,,.jpg,jpg,,ok,,200,degraded,7,13,0,,0.001,,,,0,0,0,0,0,0,false,false,,,0.5,,,
lapa,lapa,local,72bfa91f1edf87884467,true,,,.jpg,jpg,,ok,,200,degraded,7,13,0,,0.009,,,,0,0,0,0,0,0,false,false,,,0.5,,,
lapa,lapa,local,829d0d47a16b30597e30,true,,,.jpg,jpg,,ok,,200,degraded,7,13,0,,0,,,,0,0,0,0,0,0,false,false,,,0.5,,,
lapa,lapa,local,025ebe31eed571423301,true,,,.jpg,jpg,,ok,,200,degraded,7,13,0,,0.06,,,,0,0,0,0,0,0,false,false,,,0.5,,,
lapa,lapa,local,7fe97d3bb25eda00692a,true,,,.jpg,jpg,,ok,,200,fail,7,136,0,,0.195,,,,0.096,0,0.197,0,0,0,false,false,,,0.394,QUALITY_GATED,,
lapa,lapa,local,570e6ae7e1d4b9c5a6de,true,,,.jpg,jpg,,ok,,200,fail,7,136,0,,0.195,,,,0.096,0,0.197,0,0,0,false,false,,,0.394,QUALITY_GATED,,
lapa,lapa,local,a8006f10f50407826852,true,,,.jpg,jpg,,ok,,200,degraded,7,13,0,,0.051,,,,0,0,0,0,0,0,false,false,,,0.5,,,
lapa,lapa,local,124a38bdb47d033dd80b,true,,,.jpg,jpg,,ok,,200,fail,7,136,0,,0.195,,,,0.096,0,0.197,0,0,0,false,false,,,0.394,QUALITY_GATED,,
lapa,lapa,local,05f512aaab8b7328f92e,true,,,.jpg,jpg,,ok,,200,degraded,7,13,0,,0.009,,,,0,0,0,0,0,0,false,false,,,0.5,,,
lapa,lapa,local,a8315886db6343927e7b,true,,,.jpg,jpg,,ok,,200,degraded,7,13,0,,0.051,,,,0,0,0,0,0,0,false,false,,,0.5,,,
lapa,lapa,local,1f705f77dea0cf605be5,true,,,.jpg,jpg,,ok,,200,degraded,7,13,0,,0.06,,,,0,0,0,0,0,0,false,false,,,0.5,,,
lapa,lapa,local,2ef41311efab6ffaf5d8,true,,,.jpg,jpg,,ok,,200,fail,7,136,0,,0.195,,,,0.096,0,0.197,0,0,0,false,false,,,0.394,QUALITY_GATED,,
lapa,lapa,local,2909c01f8fd235813919,true,,,.jpg,jpg,,ok,,200,degraded,7,13,0,,0.009,,,,0,0,0,0,0,0,false,false,,,0.5,,,
lapa,lapa,local,e749c5806cedefe87bf1,true,,,.jpg,jpg,,ok,,200,degraded,7,13,0,,0.035,,,,0,0,0,0,0,0,false,false,,,0.5,,,
lapa,lapa,local,aedd20adb0d460c51bb6,true,,,.jpg,jpg,,ok,,200,degraded,7,13,0,,0.001,,,,0,0,0,0,0,0,false,false,,,0.5,,,
lapa,lapa,local,4e54a2e25fbc92c134a4,true,,,.jpg,jpg,,ok,,200,fail,7,136,0,,0.195,,,,0.096,0,0.197,0,0,0,false,false,,,0.394,QUALITY_GATED,,
lapa,lapa,local,b6dae8e297d408b7bfd8,true,,,.jpg,jpg,,ok,,200,degraded,7,13,0,,0,,,,0,0,0,0,0,0,false,false,,,0.5,,,
lapa,lapa,local,a7aa7b8ba070926ba73e,true,,,.jpg,jpg,,ok,,200,fail,7,136,0,,0.195,,,,0.096,0,0.197,0,0,0,false,false,,,0.394,QUALITY_GATED,,
lapa,lapa,local,5ff836d1a25d3d271a1f,false,LOCAL_DIAGNOSIS_FAIL,,.jpg,jpg,,missing_card,LOCAL_DIAGNOSIS_FAIL,0,,0,0,1,,,,,,,,,,,,false,false,,,1.5,,,skin_roi_too_small
lapa,lapa,local,c155f3bc7e35fefbecee,true,,,.jpg,jpg,,ok,,200,degraded,7,13,0,,0,,,,0,0,0,0,0,0,false,false,,,0.5,,,
lapa,lapa,local,0d552fdce5464082d20e,true,,,.jpg,jpg,,ok,,200,degraded,7,13,0,,0.052,,,,0,0,0,0,0,0,false,false,,,0.5,,,
lapa,lapa,local,d0756e49ebed0225a7fc,true,,,.jpg,jpg,,ok,,200,fail,7,136,0,,0.195,,,,0.096,0,0.197,0,0,0,false,false,,,0.394,QUALITY_GATED,,
celebamaskhq,celebamaskhq,local,a99ce9ceeff5a2994165,true,,,.jpg,jpg,,ok,,200,degraded,7,13,0,,0.052,,,,0,0,0,0,0,0,false,false,,,0.5,,,
celebamaskhq,celebamaskhq,local,28cc0a4bfb12ffae4252,true,,,.jpg,jpg,,ok,,200,degraded,7,13,0,,0.06,,,,0,0,0,0,0,0,false,false,,,0.5,,,
celebamaskhq,celebamaskhq,local,4eb351e4621d8b3729c3,true,,,.jpg,jpg,,ok,,200,degraded,7,13,0,,0.06,,,,0,0,0,0,0,0,false,false,,,0.5,,,
celebamaskhq,celebamaskhq,local,c19427abb4c9a4ea8c0f,true,,,.jpg,jpg,,ok,,200,degraded,7,13,0,,0.06,,,,0,0,0,0,0,0,false,false,,,0.5,,,
celebamaskhq,celebamaskhq,local,516515c118e9896a7f2f,true,,,.jpg,jpg,,ok,,200,degraded,7,13,0,,0.06,,,,0,0,0,0,0,0,false,false,,,0.5,,,
celebamaskhq,celebamaskhq,local,5961f824c6cbed880d8c,true,,,.jpg,jpg,,ok,,200,degraded,7,13,0,,0.06,,,,0,0,0,0,0,0,false,false,,,0.5,,,
celebamaskhq,celebamaskhq,local,06e1a56423bb1956a9a8,true,,,.jpg,jpg,,ok,,200,degraded,7,13,0,,0.06,,,,0,0,0,0,0,0,false,false,,,0.5,,,
celebamaskhq,celebamaskhq,local,b9e0eef36148785cd59c,true,,,.jpg,jpg,,ok,,200,degraded,7,13,0,,0.06,,,,0,0,0,0,0,0,false,false,,,0.5,,,
celebamaskhq,celebamaskhq,local,2ed82a60fb1c75c5e1a2,true,,,.jpg,jpg,,ok,,200,degraded,7,13,0,,0.06,,,,0,0,0,0,0,0,false,false,,,0.5,,,
celebamaskhq,celebamaskhq,local,38da4e445a3572273332,true,,,.jpg,jpg,,ok,,200,degraded,7,10,0,,0.034,,,,0,0,0,0,0,0,false,false,,,0.5,,,
celebamaskhq,celebamaskhq,local,9034836f6c4eb6679d95,true,,,.jpg,jpg,,ok,,200,fail,7,136,0,,0.195,,,,0.096,0,0.197,0,0,0,false,false,,,0.394,QUALITY_GATED,,
celebamaskhq,celebamaskhq,local,d3e03ba2e1e6c9163c1a,true,,,.jpg,jpg,,ok,,200,degraded,7,13,0,,0.06,,,,0,0,0,0,0,0,false,false,,,0.5,,,
celebamaskhq,celebamaskhq,local,b23abcae22f9d8a8870b,true,,,.jpg,jpg,,ok,,200,degraded,7,13,0,,0.06,,,,0,0,0,0,0,0,false,false,,,0.5,,,
celebamaskhq,celebamaskhq,local,7d7fb9c4cc5154ac0724,true,,,.jpg,jpg,,ok,,200,degraded,7,13,0,,0.06,,,,0,0,0,0,0,0,false,false,,,0.5,,,
celebamaskhq,celebamaskhq,local,d9578a92e22c76d5d737,true,,,.jpg,jpg,,ok,,200,fail,7,136,0,,0.195,,,,0.096,0,0.197,0,0,0,false,false,,,0.394,QUALITY_GATED,,
celebamaskhq,celebamaskhq,local,d04d29cfa931e377ee38,true,,,.jpg,jpg,,ok,,200,degraded,7,13,0,,0.034,,,,0,0,0,0,0,0,false,false,,,0.5,,,
celebamaskhq,celebamaskhq,local,ea4d636c5433c9b19a0b,true,,,.jpg,jpg,,ok,,200,fail,7,136,0,,0.195,,,,0.096,0,0.197,0,0,0,false,false,,,0.394,QUALITY_GATED,,
celebamaskhq,celebamaskhq,local,6fffe143bd5dd52013e1,true,,,.jpg,jpg,,ok,,200,degraded,7,13,0,,0.035,,,,0,0,0,0,0,0,false,false,,,0.5,,,
celebamaskhq,celebamaskhq,local,60037308b6e9d7c7e9cf,true,,,.jpg,jpg,,ok,,200,degraded,7,13,0,,0.06,,,,0,0,0,0,0,0,false,false,,,0.5,,,
celebamaskhq,celebamaskhq,local,d2d04fadef834cbae756,true,,,.jpg,jpg,,ok,,200,degraded,7,13,0,,0.06,,,,0,0,0,0,0,0,false,false,,,0.5,,,
celebamaskhq,celebamaskhq,local,87c0f296f4bfab738e8d,true,,,.jpg,jpg,,ok,,200,degraded,7,13,0,,0.025,,,,0,0,0,0,0,0,false,false,,,0.5,,,
celebamaskhq,celebamaskhq,local,efa944a9ed9b44a44768,true,,,.jpg,jpg,,ok,,200,degraded,7,13,0,,0.018,,,,0,0,0,0,0,0,false,false,,,0.5,,,
celebamaskhq,celebamaskhq,local,3d8b05681274c0f3cdf0,true,,,.jpg,jpg,,ok,,200,degraded,7,13,0,,0.06,,,,0,0,0,0,0,0,false,false,,,0.5,,,
celebamaskhq,celebamaskhq,local,8318cc2830b5ed6d5ab0,true,,,.jpg,jpg,,ok,,200,degraded,7,13,0,,0.06,,,,0,0,0,0,0,0,false,false,,,0.5,,,
celebamaskhq,celebamaskhq,local,eaa0ecf5bda9775a3a95,true,,,.jpg,jpg,,ok,,200,degraded,7,13,0,,0.034,,,,0,0,0,0,0,0,false,false,,,0.5,,,
celebamaskhq,celebamaskhq,local,311833113bd5f791f0c2,true,,,.jpg,jpg,,ok,,200,degraded,7,13,0,,0.06,,,,0,0,0,0,0,0,false,false,,,0.5,,,
celebamaskhq,celebamaskhq,local,d64fef8d863f47523426,true,,,.jpg,jpg,,ok,,200,degraded,7,13,0,,0.027,,,,0,0,0,0,0,0,false,false,,,0.5,,,
celebamaskhq,celebamaskhq,local,820c6a2fa33dd467f196,true,,,.jpg,jpg,,ok,,200,degraded,7,1,0,,0.034,,,,0,0,0,0,0,0,false,false,,,0.5,,,
celebamaskhq,celebamaskhq,local,29ba0dfeabd0b37587e4,true,,,.jpg,jpg,,ok,,200,degraded,7,13,0,,0.06,,,,0,0,0,0,0,0,false,false,,,0.5,,,
celebamaskhq,celebamaskhq,local,1e0bc0e54768b876a88c,true,,,.jpg,jpg,,ok,,200,degraded,7,13,0,,0.025,,,,0,0,0,0,0,0,false,false,,,0.5,,,
celebamaskhq,celebamaskhq,local,c666bf593553418b8c48,true,,,.jpg,jpg,,ok,,200,degraded,7,13,0,,0.034,,,,0,0,0,0,0,0,false,false,,,0.5,,,
celebamaskhq,celebamaskhq,local,6079edfa13b514fa1135,true,,,.jpg,jpg,,ok,,200,degraded,7,13,0,,0.06,,,,0,0,0,0,0,0,false,false,,,0.5,,,
celebamaskhq,celebamaskhq,local,f290e7b39c9795e189d4,true,,,.jpg,jpg,,ok,,200,degraded,7,13,0,,0,,,,0,0,0,0,0,0,false,false,,,0.5,,,
celebamaskhq,celebamaskhq,local,3e70d0560b455d30a666,true,,,.jpg,jpg,,ok,,200,degraded,7,13,0,,0.034,,,,0,0,0,0,0,0,false,false,,,0.5,,,
celebamaskhq,celebamaskhq,local,2b8a8b3f17fa421b5011,true,,,.jpg,jpg,,ok,,200,degraded,7,13,0,,0.06,,,,0,0,0,0,0,0,false,false,,,0.5,,,
celebamaskhq,celebamaskhq,local,54ccfc3a63413e0e6cb9,true,,,.jpg,jpg,,ok,,200,degraded,7,13,0,,0.002,,,,0,0,0,0,0,0,false,false,,,0.5,,,
celebamaskhq,celebamaskhq,local,5d925fd2084838a37bc8,true,,,.jpg,jpg,,ok,,200,degraded,7,13,0,,0.06,,,,0,0,0,0,0,0,false,false,,,0.5,,,
celebamaskhq,celebamaskhq,local,426b590e63595be4b265,true,,,.jpg,jpg,,ok,,200,degraded,7,13,0,,0.06,,,,0,0,0,0,0,0,false,false,,,0.5,,,
celebamaskhq,celebamaskhq,local,2bfa19e83e7bcac17a65,true,,,.jpg,jpg,,ok,,200,degraded,7,13,0,,0.035,,,,0,0,0,0,0,0,false,false,,,0.5,,,
celebamaskhq,celebamaskhq,local,342e39e5c220f24ee108,true,,,.jpg,jpg,,ok,,200,degraded,7,13,0,,0.06,,,,0,0,0,0,0,0,false,false,,,0.5,,,
celebamaskhq,celebamaskhq,local,bb502f84814e38188170,true,,,.jpg,jpg,,ok,,200,degraded,7,13,0,,0.06,,,,0,0,0,0,0,0,false,false,,,0.5,,,
celebamaskhq,celebamaskhq,local,45bdfa4d535f363a1640,true,,,.jpg,jpg,,ok,,200,degraded,7,13,0,,0.06,,,,0,0,0,0,0,0,false,false,,,0.5,,,
celebamaskhq,celebamaskhq,local,d1224733e30a10662998,true,,,.jpg,jpg,,ok,,200,degraded,7,13,0,,0.06,,,,0,0,0,0,0,0,false,false,,,0.5,,,
celebamaskhq,celebamaskhq,local,1025bf8129a63d6f8ad8,true,,,.jpg,jpg,,ok,,200,degraded,7,13,0,,0.034,,,,0,0,0,0,0,0,false,false,,,0.5,,,
celebamaskhq,celebamaskhq,local,d9183c4e9017ffc85c80,true,,,.jpg,jpg,,ok,,200,degraded,7,13,0,,0.06,,,,0,0,0,0,0,0,false,false,,,0.5,,,
celebamaskhq,celebamaskhq,local,b7198d0ee0332cc1ba0e,true,,,.jpg,jpg,,ok,,200,degraded,7,13,0,,0.06,,,,0,0,0,0,0,0,false,false,,,0.5,,,
celebamaskhq,celebamaskhq,local,09e6f4319be33147ea97,true,,,.jpg,jpg,,ok,,200,degraded,7,13,0,,0.025,,,,0,0,0,0,0,0,false,false,,,0.5,,,
celebamaskhq,celebamaskhq,local,ebe7fb8cd53b1767bb2d,true,,,.jpg,jpg,,ok,,200,degraded,7,13,0,,0.06,,,,0,0,0,0,0,0,false,false,,,0.5,,,
celebamaskhq,celebamaskhq,local,a49684cd4eb126ece880,true,,,.jpg,jpg,,ok,,200,fail,7,136,0,,0.195,,,,0.096,0,0.197,0,0,0,false,false,,,0.394,QUALITY_GATED,,
celebamaskhq,celebamaskhq,local,59c8020959f53406f661,true,,,.jpg,jpg,,ok,,200,degraded,7,13,0,,0.06,,,,0,0,0,0,0,0,false,false,,,0.5,,,
